{
  "map_version": "legacy_system_map.v1",
  "legacy_repo": "patched366_node24_strict",
  "counts": {
    "pages": 92,
    "route_handlers_total": 18,
    "api_routes": 17,
    "non_api_routes": 1
  },
  "pages": [
    "/",
    "/__operator/design-lab",
    "/about",
    "/account",
    "/advanced",
    "/advanced/design",
    "/advanced/paste-pack",
    "/ai",
    "/ai/setup",
    "/backup",
    "/builder",
    "/builder/[...slug]",
    "/builder/brownfield",
    "/builder/new",
    "/director",
    "/director/[...slug]",
    "/director/blueprints",
    "/director/brief",
    "/director/browse",
    "/director/build",
    "/director/capabilities",
    "/director/coherence",
    "/director/connect-ai",
    "/director/data",
    "/director/editor",
    "/director/evidence",
    "/director/failures",
    "/director/golden-path",
    "/director/health",
    "/director/import",
    "/director/intent",
    "/director/interrogator",
    "/director/journey",
    "/director/kits",
    "/director/libraries",
    "/director/library-lock",
    "/director/patterns",
    "/director/preview",
    "/director/proof-request",
    "/director/proposals",
    "/director/ship",
    "/director/start",
    "/docs",
    "/docs/[...slug]",
    "/docs/auth",
    "/docs/backup",
    "/docs/blueprints",
    "/docs/coherence",
    "/docs/context-handoff",
    "/docs/deploy",
    "/docs/design-tokens",
    "/docs/director",
    "/docs/director-brief",
    "/docs/dogfood",
    "/docs/feedback-loop",
    "/docs/golden-path",
    "/docs/governance",
    "/docs/interrogator",
    "/docs/kits",
    "/docs/libraries",
    "/docs/market-landscape",
    "/docs/new-window-bootstrap",
    "/docs/offline-first",
    "/docs/paste-pack",
    "/docs/patterns",
    "/docs/preview",
    "/docs/quickstart",
    "/docs/release",
    "/docs/repo-projects",
    "/docs/security",
    "/docs/spec-pack",
    "/docs/spel-seed",
    "/docs/surfaces",
    "/docs/verify",
    "/docs/window-carry-checklist",
    "/feedback",
    "/marketplace",
    "/marketplace/[type]",
    "/marketplace/[type]/[slug]",
    "/operator",
    "/privacy",
    "/release-checklist",
    "/repo",
    "/repo-builder",
    "/repo-projects",
    "/repo-workbench",
    "/ship",
    "/support",
    "/terms",
    "/usage",
    "/verify",
    "/workbench"
  ],
  "route_handlers": [
    "/api/ai/brownfield-propose",
    "/api/ai/debug-failure",
    "/api/ai/ping",
    "/api/ai/propose-pack",
    "/api/ai/suggest",
    "/api/evidence/log",
    "/api/evidence/status",
    "/api/evidence/upload",
    "/api/health",
    "/api/library/import-pin",
    "/api/library/lockfile",
    "/api/proof/run",
    "/api/proof/status",
    "/api/proof/stop",
    "/api/publish-ready/generate",
    "/api/runtime-meta",
    "/api/selfcheck",
    "/healthz"
  ],
  "api_routes": [
    "/api/ai/brownfield-propose",
    "/api/ai/debug-failure",
    "/api/ai/ping",
    "/api/ai/propose-pack",
    "/api/ai/suggest",
    "/api/evidence/log",
    "/api/evidence/status",
    "/api/evidence/upload",
    "/api/health",
    "/api/library/import-pin",
    "/api/library/lockfile",
    "/api/proof/run",
    "/api/proof/status",
    "/api/proof/stop",
    "/api/publish-ready/generate",
    "/api/runtime-meta",
    "/api/selfcheck"
  ],
  "non_api_routes": [
    "/healthz"
  ],
  "legacy_scripts": [
    "bootstrap:stress",
    "bootstrap:stress:json",
    "brownfield:inventory",
    "brownfield_scan",
    "build",
    "canon:rfc8785_smoke",
    "check:launch_paths",
    "compile_blueprint_to_kernel",
    "compile_facet_index",
    "compile_storyboard_summary",
    "connector:start",
    "deploy:check",
    "deploy:smoke",
    "dev",
    "director_journey_copy_check",
    "director_runtime_catalogue_check",
    "dist:clean",
    "doctor",
    "doctrine_check",
    "evidence_check",
    "export_pack",
    "export_tokens_dtcg",
    "gen_env_example",
    "golden_fixtures_check",
    "governance_check",
    "import_case_check",
    "kernel_contracts_check",
    "kernel_contracts_check:compiled",
    "kernel_contracts_check:inputs",
    "kit_contracts_check",
    "leak:check",
    "library:apply",
    "library:index",
    "library:resolve",
    "library:validate",
    "library:verify",
    "lint",
    "mode:show",
    "network_probe",
    "next_public_allowlist_check",
    "no_server_loopback_check",
    "paste_pack",
    "patterns_catalogue_check",
    "periodic:compound_order_stability",
    "periodic:full",
    "periodic:phase0",
    "periodic:phase1",
    "periodic:phase2",
    "periodic:phase3",
    "periodic:phase4",
    "periodic:phase5",
    "periodic:phase6",
    "periodic:phase7",
    "periodic:phase8",
    "periodic:system_order_stability",
    "periodic:trace_stability",
    "periodic_contracts_check",
    "postbuild",
    "prebuild",
    "preflight",
    "preinstall",
    "progress:check",
    "proof:bundle_verify",
    "proof:export",
    "proof:gate",
    "proof:loop",
    "proof:manifest_verify",
    "proof:receipt_bundle",
    "proof:receipt_bundle_verify",
    "proof:receipt_dsse_verify",
    "proof:receipt_dsse_wrap",
    "proof:receipt_keygen",
    "proof:receipt_sign",
    "proof:receipt_smoke",
    "proof:receipt_validate",
    "proof:receipt_verify",
    "proof:trust_policy_generate",
    "publish_ready",
    "reference_a11y_check",
    "rigor:show",
    "run_proof_request_bundle",
    "ship_pack:verify",
    "spel:award_gates_audit",
    "spel:awards_ready",
    "spel:canon",
    "spel:canonical_names_check",
    "spel:compose_system",
    "spel:composition_verify",
    "spel:counterexample",
    "spel:counterexample_declassification",
    "spel:counterexample_declassification_precedence",
    "spel:counterexample_evidence_artifact_refs",
    "spel:counterexample_implicit_flow",
    "spel:counterexample_proof_graph_derivation_edge_missing",
    "spel:counterexample_proof_graph_edge_missing",
    "spel:counterexample_tainting",
    "spel:counterexample_tainting_tiebreak",
    "spel:counterexample_termination_channel",
    "spel:counterexample_timing_channel",
    "spel:equiv",
    "spel:equiv_digest_verify",
    "spel:evaluation_pack_verify",
    "spel:explain_trace_v61_verify",
    "spel:explain_trace_v6_verify",
    "spel:federation_immiscibility_verify",
    "spel:interop_pack_build",
    "spel:interpret",
    "spel:kappa",
    "spel:kappa_system",
    "spel:negative_evidence_binding",
    "spel:negative_explain_v61_bad_justification_hash",
    "spel:negative_explain_v6_derived_missing_steps",
    "spel:negative_strategy_beta_locked",
    "spel:portable_verify",
    "spel:portable_verify_smoke",
    "spel:proof_graph_export",
    "spel:proof_graph_minimality_verify",
    "spel:rep",
    "spel:review_ready",
    "spel:safety_envelope_delta",
    "spel:safety_envelope_emit",
    "spel:strategy_registry_check",
    "spel:system_equiv",
    "spel:system_rep",
    "spel:v1:coverage",
    "spel:v1:validate",
    "start",
    "sync:launch_paths",
    "typecheck",
    "ux_check",
    "vercel_constraints",
    "vercel_preflight"
  ]
}
