{
  "cases": [
    {
      "expect_errors": [
        "bond.comp_change_control_requires_evidence"
      ],
      "id": "neg.compliance_lite_change_control_missing_evidence",
      "note": "Compliance-lite change control claimed without a change record.",
      "path": "periodic/v1/examples/negative/compound.neg_comp_change_control_missing_record.json"
    },
    {
      "expect_errors": [
        "bond.comp_separation_of_duties_requires_controls"
      ],
      "id": "neg.compliance_lite_sod_missing_controls",
      "note": "Separation-of-duties principle claimed without controls evidence.",
      "path": "periodic/v1/examples/negative/compound.neg_comp_sod_missing_controls.json"
    },
    {
      "expect_errors": [
        "bond.comp_traceability_requires_matrix"
      ],
      "id": "neg.compliance_lite_traceability_missing_matrix",
      "note": "Compliance-lite traceability claimed without a traceability matrix.",
      "path": "periodic/v1/examples/negative/compound.neg_comp_traceability_missing_matrix.json"
    },
    {
      "expect_errors": [
        "domain.immiscible"
      ],
      "id": "neg.immiscible_domains_mixed",
      "note": "Oil/water domains must not be mixed inside a single compound; split into a system-of-compounds and connect via membranes.",
      "path": "periodic/v1/examples/negative/compound.neg_immiscible_pair_in_compound.json"
    },
    {
      "expect_errors": [
        "bond.ml_platform_claim_requires_registry_drift_and_repro"
      ],
      "id": "neg.ml_platform_claim_missing_drift_monitoring",
      "note": "ML Platform-lite claimed without drift monitoring workflow/evidence.",
      "path": "periodic/v1/examples/negative/compound.neg_ml_claim_missing_drift_monitoring.json"
    },
    {
      "expect_errors": [
        "bond.ml_platform_claim_requires_registry_drift_and_repro"
      ],
      "id": "neg.ml_platform_claim_missing_repro_linkage",
      "note": "ML Platform-lite claimed without reproducibility linkage (proof receipts + linkage evidence).",
      "path": "periodic/v1/examples/negative/compound.neg_ml_claim_missing_repro_linkage.json"
    },
    {
      "expect_warnings": [
        "bond.publish_requires_proof_receipts"
      ],
      "id": "neg.publish_missing_proof_receipts",
      "note": "In Phase 2 proof-lane profile, publish/export should pair with deterministic receipt verification.",
      "path": "periodic/v1/examples/negative/compound.neg_publish_missing_proof_receipts.json"
    }
  ],
  "schema": "periodic.negative_examples.v1",
  "version": "1"
}
