{
  "$id": "periodic.index.v1.schema.json",
  "$schema": "https://json-schema.org/draft/2020-12/schema",
  "additionalProperties": false,
  "properties": {
    "bond_packs": {
      "additionalProperties": false,
      "properties": {
        "path": {
          "type": "string"
        }
      },
      "required": [
        "path"
      ],
      "type": "object"
    },
    "bond_rules": {
      "additionalProperties": false,
      "properties": {
        "path": {
          "type": "string"
        }
      },
      "required": [
        "path"
      ],
      "type": "object"
    },
    "domains": {
      "additionalProperties": false,
      "properties": {
        "path": {
          "type": "string"
        }
      },
      "required": [
        "path"
      ],
      "type": "object"
    },
    "examples": {
      "items": {
        "type": "string"
      },
      "type": "array"
    },
    "negative_examples": {
      "additionalProperties": false,
      "properties": {
        "path": {
          "type": "string"
        }
      },
      "required": [
        "path"
      ],
      "type": "object"
    },
    "pairing": {
      "additionalProperties": false,
      "properties": {
        "flow_workshop": {
          "additionalProperties": false,
          "properties": {
            "path": {
              "type": "string"
            }
          },
          "required": [
            "path"
          ],
          "type": "object"
        }
      },
      "required": [
        "flow_workshop"
      ],
      "type": "object"
    },
    "profiles": {
      "additionalProperties": false,
      "properties": {
        "path": {
          "type": "string"
        }
      },
      "required": [
        "path"
      ],
      "type": "object"
    },
    "schema": {
      "const": "periodic.index.v1"
    },
    "system_negative_examples": {
      "additionalProperties": false,
      "properties": {
        "path": {
          "type": "string"
        }
      },
      "required": [
        "path"
      ],
      "type": "object"
    },
    "systems": {
      "additionalProperties": false,
      "properties": {
        "path": {
          "type": "string"
        },
        "schema_path": {
          "type": "string"
        }
      },
      "required": [
        "path",
        "schema_path"
      ],
      "type": "object"
    },
    "tables": {
      "additionalProperties": false,
      "properties": {
        "capability": {
          "additionalProperties": false,
          "properties": {
            "count": {
              "type": "integer"
            },
            "path": {
              "type": "string"
            }
          },
          "required": [
            "path"
          ],
          "type": "object"
        },
        "evidence": {
          "additionalProperties": false,
          "properties": {
            "count": {
              "type": "integer"
            },
            "path": {
              "type": "string"
            }
          },
          "required": [
            "path"
          ],
          "type": "object"
        },
        "experience": {
          "additionalProperties": false,
          "properties": {
            "count": {
              "type": "integer"
            },
            "path": {
              "type": "string"
            }
          },
          "required": [
            "path"
          ],
          "type": "object"
        },
        "principle": {
          "additionalProperties": false,
          "properties": {
            "count": {
              "type": "integer"
            },
            "path": {
              "type": "string"
            }
          },
          "required": [
            "path"
          ],
          "type": "object"
        },
        "workshop": {
          "additionalProperties": false,
          "properties": {
            "count": {
              "type": "integer"
            },
            "path": {
              "type": "string"
            }
          },
          "required": [
            "path"
          ],
          "type": "object"
        }
      },
      "required": [
        "experience",
        "workshop",
        "capability",
        "evidence",
        "principle"
      ],
      "type": "object"
    },
    "version": {
      "type": "string"
    }
  },
  "required": [
    "bond_packs",
    "bond_rules",
    "domains",
    "examples",
    "pairing",
    "profiles",
    "schema",
    "system_negative_examples",
    "systems",
    "tables",
    "version"
  ],
  "type": "object"
}
