{
  "schema": "periodic.system.v1",
  "version": 1,
  "id": "system.ifc_implicit_flow_guard_b.v1",
  "name": "Counterexample: implicit flow guard B (same obligations, different control-flow meaning)",
  "description": "Paired with guard A. Same compounds and membrane cap. Only the control-flow guard identity differs.",
  "compounds": [
    {
      "as": "wallet",
      "path": "periodic/v1/examples/compound.wallet_commitments_boundary.json"
    },
    {
      "as": "service_a",
      "path": "periodic/v1/examples/compound.saas_service_a_boundary.json"
    }
  ],
  "links": [
    {
      "from": "wallet",
      "to": "service_a",
      "via": {
        "cap": "cap.membrane.http_api.taint_precise",
        "endorsement_id": "endorse.alpha",
        "control_flow_id": "ifc.guard.branchmask_v2",
        "notes": "Implicit-flow handled by branch-masking guard (variant v2). Identity differs from guard A, but can be collapsed under meaning_preserving semantics."
      }
    }
  ]
}
