{
  "schema": "periodic.system.v1",
  "version": 1,
  "id": "system.wallet_service_a_http_declass_hash",
  "name": "Counterexample: wallet -> service_a over HTTP with declassification hashing",
  "compounds": [
    {
      "as": "wallet",
      "path": "periodic/v1/examples/compound.wallet_commitments_boundary.json"
    },
    {
      "as": "service_a",
      "path": "periodic/v1/examples/compound.saas_service_a_boundary.json"
    }
  ],
  "links": [
    {
      "from": "wallet",
      "to": "service_a",
      "via": {
        "cap": "cap.membrane.http_api",
        "endorsement_id": "endorse.alpha",
        "declassification_id": "declass.hash",
        "notes": "Declassification transform identity 'hash' (identity-bearing declassification semantics)."
      }
    }
  ]
}
