{
  "schema": "periodic.system.v1",
  "version": 1,
  "id": "system.ifc_over_tainting.v1",
  "name": "Counterexample: IFC over-tainting (same obligations, stricter membrane cap)",
  "description": "This system is syntactically different (κ differs) but semantically weak-equivalent (obligations-only). The membrane cap is too strict: it keeps taint attached longer than necessary.",
  "compounds": [
    {
      "as": "wallet",
      "path": "periodic/v1/examples/compound.wallet_commitments_boundary.json"
    },
    {
      "as": "service_a",
      "path": "periodic/v1/examples/compound.saas_service_a_boundary.json"
    }
  ],
  "links": [
    {
      "from": "wallet",
      "to": "service_a",
      "via": {
        "cap": "cap.membrane.http_api.taint_all",
        "endorsement_id": "endorse.alpha",
        "notes": "Over-tainting: propagate taint across the membrane even after sanitizer would normally drop it."
      }
    }
  ]
}
