{
  "schema": "periodic.system.v1",
  "version": 1,
  "id": "system.wallet_service_a_http_declass_strategy_beta_locked",
  "name": "Negative: Beta strategy artifact slot is locked",
  "declassification_precedence_strategy": "deny_overrides",
  "declassification_precedence_strategy_ref": {
    "artifact": {
      "dsse_path": "dist/strategy_artifacts/example.dsse.json",
      "policy_uri": "spel://strategy/external/example.v1"
    }
  },
  "compounds": [
    {
      "as": "wallet",
      "path": "periodic/v1/examples/compound.wallet_commitments_boundary.json"
    },
    {
      "as": "service_a",
      "path": "periodic/v1/examples/compound.saas_service_a_boundary.json"
    }
  ],
  "links": [
    {
      "from": "wallet",
      "to": "service_a",
      "via": {
        "cap": "cap.membrane.http_api",
        "endorsement_id": "endorse.alpha",
        "declassification_id": "declass.redact",
        "declassification_effect": "PERMIT"
      }
    },
    {
      "from": "wallet",
      "to": "service_a",
      "via": {
        "cap": "cap.membrane.http_api",
        "endorsement_id": "endorse.alpha",
        "declassification_id": "declass.hash",
        "declassification_effect": "DENY"
      }
    }
  ]
}
