{
  "bond_packs": {
    "path": "periodic/v1/bonds/bond_packs.v1.json"
  },
  "bond_rules": {
    "path": "periodic/v1/bonds/bond_rules.v1.json"
  },
  "atomic_properties": {
    "path": "periodic/v1/atoms/atomic_properties.v1.json"
  },
  "spel_semantics": {
    "path": "periodic/v1/config/spel_semantics.v1.json"
  },
  "domains": {
    "path": "periodic/v1/domains/domains.v1.json"
  },
  "examples": [
    "periodic/v1/examples/compound.community_moderation_heavy.json",
    "periodic/v1/examples/compound.crm_lite.json",
    "periodic/v1/examples/compound.distributed_truth_basic.json",
    "periodic/v1/examples/compound.game_simulation_deterministic.json",
    "periodic/v1/examples/compound.hard_real_time_controller.json",
    "periodic/v1/examples/compound.kernel_runtime_sandbox.json",
    "periodic/v1/examples/compound.marketplace_basic.json",
    "periodic/v1/examples/compound.membrane_breaking_change_versioned.json",
    "periodic/v1/examples/compound.membrane_event_stream_boundary_only.json",
    "periodic/v1/examples/compound.membrane_http_boundary_only.json",
    "periodic/v1/examples/compound.membrane_webhook_boundary_only.json",
    "periodic/v1/examples/compound.ml_platform_lite_inference.json",
    "periodic/v1/examples/compound.oauth_sso_basic.json",
    "periodic/v1/examples/compound.privacy_compute_selective_disclosure.json",
    "periodic/v1/examples/compound.publish_paired.json",
    "periodic/v1/examples/compound.regulated_safety_lite.json",
    "periodic/v1/examples/compound.saas_integrations_heavy.json",
    "periodic/v1/examples/compound.wallet_commitments.json",
    "periodic/v1/examples/compound.wiki_basic.json"
  ],
  "negative_examples": {
    "path": "periodic/v1/examples/negative_examples.v1.json"
  },
  "golden_corpus": {
    "path": "periodic/v1/examples/golden_corpus.v1.json"
  },
  "pairing": {
    "flow_workshop": {
      "path": "periodic/v1/pairing/flow_workshop_pairs.v1.json"
    }
  },
  "profiles": {
    "path": "periodic/v1/profiles/profiles.v1.json"
  },
  "schema": "periodic.index.v1",
  "system_negative_examples": {
    "path": "periodic/v1/examples/system_negative_examples.v1.json"
  },
  "systems": {
    "path": "periodic/v1/examples/systems",
    "schema_path": "periodic/v1/schemas/periodic.system.v1.schema.json"
  },
  "tables": {
    "capability": {
      "path": "periodic/v1/tables/capability.v1.json"
    },
    "evidence": {
      "path": "periodic/v1/tables/evidence.v1.json"
    },
    "experience": {
      "path": "periodic/v1/tables/experience.v1.json"
    },
    "principle": {
      "path": "periodic/v1/tables/principle.v1.json"
    },
    "workshop": {
      "path": "periodic/v1/tables/workshop.v1.json"
    }
  },
  "version": "1"
}
