{
  "id": "compound.neg_membrane_http_missing_versioning",
  "schema": "periodic.compound.v1",
  "tables_version": "1",
  "name": "NEGATIVE: membrane HTTP boundary breaking change without versioning",
  "director_notes": "Negative regression: a boundary with contract/tests but no versioning is treated as an un-versioned breaking surface.",
  "elements": [
    "cap.membrane.http_api",
    "ev.membrane.interface_spec",
    "wf.membrane.compatibility_tests",
    "pr.membrane.backward_compat",
    "pr.membrane.failure_isolation"
  ]
}
