{
  "schema": "spel.proof_receipt.v1",
  "version": 1,
  "profile": "phase1",
  "explain_trace_v61": [
    {
      "v": 6,
      "profile": "phase1",
      "policy": {
        "uri": "spel://policy/profile/phase1",
        "digest": null,
        "semantics_digest": null,
        "strategy_registry_digest": null
      },
      "kind": "compound",
      "target": {
        "compound_id": "compound.demo"
      },
      "rule_id": "rule.demo.evidence_binding",
      "severity": "error",
      "obligations": {
        "obligation_ids": [
          "ob.demo"
        ]
      },
      "evidence": {
        "evidence_ids": [
          "ev.demo"
        ],
        "missing_evidence_ids": [],
        "missing_evidence_binding_ids": []
      },
      "evidence_satisfied_by": [
        {
          "evidence_id": "ev.demo",
          "satisfaction_mode": "direct",
          "context_id": "ctx.demo",
          "membrane_edge_id": "edge.demo",
          "inference_rule_id": "rule.demo.evidence_binding",
          "parent_evidence_id": "ev.demo",
          "justification_hash_sha256": "0000000000000000000000000000000000000000000000000000000000000000",
          "derivation_steps": [],
          "satisfied_by": [
            {
              "kind": "compound_element",
              "element_id": "ev.demo"
            }
          ]
        }
      ]
    }
  ]
}